{"stats":{"minecraft:dropped":{"minecraft:cobblestone":4,"minecraft:chest":1},"minecraft:mined":{"minecraft:light_gray_carpet":1,"minecraft:spruce_planks":3,"minecraft:deepslate_diamond_ore":12,"minecraft:crafting_table":9,"minecraft:torch":1,"minecraft:short_grass":7,"minecraft:cobblestone":19,"minecraft:spruce_leaves":31,"minecraft:wall_torch":1,"minecraft:furnace":1,"minecraft:iron_ore":28,"minecraft:white_carpet":1,"minecraft:spruce_log":37,"minecraft:andesite":1,"minecraft:pumpkin":14,"minecraft:coal_ore":54,"minecraft:deepslate_iron_ore":18,"minecraft:gravel":1,"minecraft:dirt":2,"minecraft:stone":113,"minecraft:deepslate":8},"minecraft:picked_up":{"minecraft:crafting_table":11,"minecraft:glow_ink_sac":2,"minecraft:andesite":4,"minecraft:wooden_pickaxe":3,"minecraft:shield":3,"minecraft:dirt":2,"minecraft:iron_axe":3,"minecraft:white_carpet":1,"minecraft:bone":5,"minecraft:wheat_seeds":1,"minecraft:cobbled_deepslate":8,"minecraft:spruce_planks":81,"minecraft:iron_ingot":6,"minecraft:stone_pickaxe":2,"minecraft:iron_pickaxe":2,"minecraft:chest":1,"minecraft:sugar_cane":2,"minecraft:furnace":4,"minecraft:stick":2,"minecraft:raw_iron":56,"minecraft:pumpkin":14,"minecraft:torch":60,"minecraft:gravel":1,"minecraft:spruce_log":36,"minecraft:stone_sword":4,"minecraft:rotten_flesh":16,"minecraft:diamond":12,"minecraft:spruce_boat":1,"minecraft:stone_axe":5,"minecraft:light_gray_carpet":1,"minecraft:coal":128,"minecraft:snowball":6,"minecraft:cobblestone":183},"minecraft:killed_by":{"minecraft:player":1,"minecraft:spider":1,"minecraft:zombie":5},"minecraft:killed":{"minecraft:zombie_villager":1,"minecraft:spider":1,"minecraft:zombie":7},"minecraft:crafted":{"minecraft:wooden_sword":1,"minecraft:crafting_table":3,"minecraft:spruce_planks":88,"minecraft:spruce_button":1,"minecraft:wooden_pickaxe":2,"minecraft:furnace":1,"minecraft:stone_axe":2,"minecraft:shield":1,"minecraft:iron_axe":1,"minecraft:stick":48,"minecraft:iron_ingot":10,"minecraft:iron_pickaxe":1,"minecraft:stone_pickaxe":2,"minecraft:stone_sword":2,"minecraft:spruce_boat":4,"minecraft:torch":116},"minecraft:used":{"minecraft:stone_sword":5,"minecraft:stone_pickaxe":145,"minecraft:light_gray_carpet":1,"minecraft:wooden_pickaxe":21,"minecraft:spruce_planks":4,"minecraft:shield":13,"minecraft:rotten_flesh":12,"minecraft:torch":106,"minecraft:white_carpet":1,"minecraft:crafting_table":9,"minecraft:snowball":6,"minecraft:spruce_log":2,"minecraft:spruce_boat":5,"minecraft:iron_axe":27,"minecraft:spruce_button":1,"minecraft:iron_pickaxe":94,"minecraft:gravel":1,"minecraft:stone_axe":39,"minecraft:wooden_sword":9,"minecraft:cobblestone":106,"minecraft:furnace":1,"minecraft:andesite":1,"minecraft:cobbled_deepslate":4},"minecraft:custom":{"minecraft:interact_with_furnace":8,"minecraft:mob_kills":10,"minecraft:interact_with_crafting_table":22,"minecraft:leave_game":30,"minecraft:time_since_death":0,"minecraft:sleep_in_bed":2,"minecraft:time_since_rest":119,"minecraft:sprint_one_cm":162308,"minecraft:damage_taken":3179,"minecraft:walk_one_cm":346490,"minecraft:damage_blocked_by_shield":421,"minecraft:drop":2,"minecraft:damage_dealt":2429,"minecraft:player_kills":2,"minecraft:swim_one_cm":1449,"minecraft:fly_one_cm":150327,"minecraft:crouch_one_cm":20323,"minecraft:play_time":120631,"minecraft:deaths":12,"minecraft:sneak_time":15990,"minecraft:walk_under_water_one_cm":776,"minecraft:boat_one_cm":60106,"minecraft:jump":1378,"minecraft:walk_on_water_one_cm":21079,"minecraft:total_world_time":120631,"minecraft:fall_one_cm":37370}},"DataVersion":3953}