{"stats":{"minecraft:dropped":{"minecraft:cobblestone":4,"minecraft:chest":1},"minecraft:mined":{"minecraft:spruce_planks":3,"minecraft:deepslate_diamond_ore":2,"minecraft:crafting_table":7,"minecraft:torch":1,"minecraft:cobblestone":12,"minecraft:spruce_leaves":23,"minecraft:wall_torch":1,"minecraft:furnace":1,"minecraft:iron_ore":28,"minecraft:spruce_log":30,"minecraft:andesite":1,"minecraft:pumpkin":14,"minecraft:coal_ore":54,"minecraft:gravel":1,"minecraft:dirt":2,"minecraft:stone":113,"minecraft:deepslate":2},"minecraft:picked_up":{"minecraft:crafting_table":9,"minecraft:glow_ink_sac":2,"minecraft:andesite":4,"minecraft:wooden_pickaxe":3,"minecraft:shield":3,"minecraft:dirt":2,"minecraft:iron_axe":3,"minecraft:bone":5,"minecraft:cobbled_deepslate":2,"minecraft:spruce_planks":81,"minecraft:iron_ingot":6,"minecraft:stone_pickaxe":1,"minecraft:iron_pickaxe":2,"minecraft:chest":1,"minecraft:sugar_cane":2,"minecraft:furnace":4,"minecraft:raw_iron":38,"minecraft:pumpkin":14,"minecraft:torch":59,"minecraft:gravel":1,"minecraft:spruce_log":30,"minecraft:stone_sword":4,"minecraft:rotten_flesh":16,"minecraft:diamond":2,"minecraft:stone_axe":4,"minecraft:coal":128,"minecraft:snowball":6,"minecraft:cobblestone":176},"minecraft:killed_by":{"minecraft:player":1,"minecraft:spider":1,"minecraft:zombie":4},"minecraft:killed":{"minecraft:zombie_villager":1,"minecraft:spider":1,"minecraft:zombie":7},"minecraft:crafted":{"minecraft:wooden_sword":1,"minecraft:crafting_table":2,"minecraft:spruce_planks":64,"minecraft:spruce_button":1,"minecraft:wooden_pickaxe":2,"minecraft:furnace":1,"minecraft:stone_axe":2,"minecraft:shield":1,"minecraft:iron_axe":1,"minecraft:stick":40,"minecraft:iron_ingot":10,"minecraft:iron_pickaxe":1,"minecraft:stone_pickaxe":2,"minecraft:stone_sword":2,"minecraft:torch":84},"minecraft:used":{"minecraft:stone_sword":5,"minecraft:stone_pickaxe":145,"minecraft:wooden_pickaxe":21,"minecraft:spruce_planks":4,"minecraft:shield":13,"minecraft:rotten_flesh":12,"minecraft:torch":67,"minecraft:crafting_table":7,"minecraft:snowball":6,"minecraft:spruce_log":2,"minecraft:iron_axe":26,"minecraft:spruce_button":1,"minecraft:iron_pickaxe":53,"minecraft:gravel":1,"minecraft:stone_axe":39,"minecraft:wooden_sword":9,"minecraft:cobblestone":89,"minecraft:furnace":1},"minecraft:custom":{"minecraft:interact_with_furnace":7,"minecraft:mob_kills":10,"minecraft:interact_with_crafting_table":20,"minecraft:leave_game":29,"minecraft:time_since_death":18242,"minecraft:time_since_rest":18291,"minecraft:sprint_one_cm":104354,"minecraft:damage_taken":2552,"minecraft:walk_one_cm":167431,"minecraft:damage_blocked_by_shield":421,"minecraft:drop":2,"minecraft:damage_dealt":2258,"minecraft:player_kills":1,"minecraft:swim_one_cm":1449,"minecraft:fly_one_cm":87749,"minecraft:crouch_one_cm":18477,"minecraft:play_time":91627,"minecraft:deaths":9,"minecraft:sneak_time":14682,"minecraft:walk_under_water_one_cm":697,"minecraft:jump":868,"minecraft:walk_on_water_one_cm":11866,"minecraft:total_world_time":91627,"minecraft:fall_one_cm":29264}},"DataVersion":3953}