{"stats":{"minecraft:dropped":{"minecraft:cobblestone":4,"minecraft:chest":1},"minecraft:mined":{"minecraft:spruce_planks":3,"minecraft:crafting_table":7,"minecraft:cobblestone":12,"minecraft:spruce_leaves":23,"minecraft:wall_torch":1,"minecraft:furnace":1,"minecraft:iron_ore":28,"minecraft:spruce_log":30,"minecraft:andesite":1,"minecraft:pumpkin":14,"minecraft:coal_ore":54,"minecraft:gravel":1,"minecraft:dirt":2,"minecraft:stone":112},"minecraft:picked_up":{"minecraft:crafting_table":9,"minecraft:glow_ink_sac":2,"minecraft:andesite":4,"minecraft:wooden_pickaxe":3,"minecraft:shield":3,"minecraft:dirt":2,"minecraft:iron_axe":3,"minecraft:bone":5,"minecraft:spruce_planks":81,"minecraft:iron_ingot":6,"minecraft:stone_pickaxe":1,"minecraft:iron_pickaxe":2,"minecraft:chest":1,"minecraft:sugar_cane":2,"minecraft:furnace":4,"minecraft:raw_iron":38,"minecraft:pumpkin":14,"minecraft:torch":54,"minecraft:gravel":1,"minecraft:spruce_log":30,"minecraft:stone_sword":4,"minecraft:rotten_flesh":14,"minecraft:stone_axe":4,"minecraft:coal":128,"minecraft:snowball":6,"minecraft:cobblestone":175},"minecraft:killed_by":{"minecraft:player":1,"minecraft:spider":1,"minecraft:zombie":4},"minecraft:killed":{"minecraft:zombie_villager":1,"minecraft:spider":1,"minecraft:zombie":6},"minecraft:crafted":{"minecraft:wooden_sword":1,"minecraft:crafting_table":2,"minecraft:spruce_planks":64,"minecraft:spruce_button":1,"minecraft:wooden_pickaxe":2,"minecraft:furnace":1,"minecraft:stone_axe":2,"minecraft:shield":1,"minecraft:iron_axe":1,"minecraft:stick":40,"minecraft:iron_ingot":10,"minecraft:iron_pickaxe":1,"minecraft:stone_pickaxe":2,"minecraft:stone_sword":2,"minecraft:torch":84},"minecraft:used":{"minecraft:stone_sword":5,"minecraft:stone_pickaxe":145,"minecraft:wooden_pickaxe":21,"minecraft:spruce_planks":4,"minecraft:shield":11,"minecraft:rotten_flesh":9,"minecraft:torch":23,"minecraft:crafting_table":7,"minecraft:snowball":6,"minecraft:spruce_log":2,"minecraft:iron_axe":23,"minecraft:spruce_button":1,"minecraft:iron_pickaxe":48,"minecraft:gravel":1,"minecraft:stone_axe":39,"minecraft:wooden_sword":9,"minecraft:cobblestone":88,"minecraft:furnace":1},"minecraft:custom":{"minecraft:interact_with_furnace":7,"minecraft:mob_kills":9,"minecraft:interact_with_crafting_table":20,"minecraft:leave_game":29,"minecraft:time_since_death":11958,"minecraft:time_since_rest":12007,"minecraft:sprint_one_cm":87996,"minecraft:damage_taken":2542,"minecraft:walk_one_cm":142502,"minecraft:damage_blocked_by_shield":371,"minecraft:drop":2,"minecraft:damage_dealt":2058,"minecraft:player_kills":1,"minecraft:fly_one_cm":79180,"minecraft:swim_one_cm":918,"minecraft:crouch_one_cm":18169,"minecraft:play_time":85343,"minecraft:deaths":9,"minecraft:sneak_time":14558,"minecraft:walk_under_water_one_cm":367,"minecraft:jump":798,"minecraft:walk_on_water_one_cm":2178,"minecraft:total_world_time":85343,"minecraft:fall_one_cm":27555}},"DataVersion":3953}