{"stats":{"minecraft:custom":{"minecraft:time_since_rest":10787,"minecraft:crouch_one_cm":1040,"minecraft:play_time":10787,"minecraft:sprint_one_cm":7163,"minecraft:damage_taken":126,"minecraft:walk_one_cm":11365,"minecraft:sneak_time":1640,"minecraft:mob_kills":1,"minecraft:jump":91,"minecraft:damage_dealt":361,"minecraft:leave_game":4,"minecraft:time_since_death":10787,"minecraft:total_world_time":10787,"minecraft:interact_with_crafting_table":2,"minecraft:fall_one_cm":476,"minecraft:fly_one_cm":6079},"minecraft:crafted":{"minecraft:wooden_sword":1,"minecraft:crafting_table":1,"minecraft:spruce_planks":12,"minecraft:stick":4},"minecraft:killed":{"minecraft:zombie":1},"minecraft:used":{"minecraft:wooden_sword":2,"minecraft:crafting_table":1,"minecraft:spruce_planks":1,"minecraft:snowball":6,"minecraft:spruce_log":2},"minecraft:mined":{"minecraft:spruce_planks":1,"minecraft:spruce_log":10,"minecraft:spruce_leaves":21,"minecraft:crafting_table":1},"minecraft:picked_up":{"minecraft:crafting_table":1,"minecraft:rotten_flesh":6,"minecraft:spruce_planks":1,"minecraft:spruce_log":10,"minecraft:snowball":6}},"DataVersion":3953}