{"stats":{"minecraft:killed_by":{"minecraft:player":1,"minecraft:spider":1,"minecraft:zombie":1},"minecraft:mined":{"minecraft:spruce_planks":1,"minecraft:spruce_log":30,"minecraft:pumpkin":14,"minecraft:crafting_table":6,"minecraft:coal_ore":41,"minecraft:gravel":1,"minecraft:dirt":2,"minecraft:cobblestone":5,"minecraft:spruce_leaves":23,"minecraft:stone":88},"minecraft:custom":{"minecraft:time_since_rest":2093,"minecraft:sprint_one_cm":66663,"minecraft:damage_taken":1317,"minecraft:walk_one_cm":88382,"minecraft:mob_kills":4,"minecraft:drop":2,"minecraft:damage_dealt":993,"minecraft:swim_one_cm":918,"minecraft:interact_with_crafting_table":16,"minecraft:fly_one_cm":61139,"minecraft:crouch_one_cm":9917,"minecraft:play_time":57024,"minecraft:deaths":5,"minecraft:sneak_time":9048,"minecraft:walk_under_water_one_cm":367,"minecraft:jump":499,"minecraft:walk_on_water_one_cm":947,"minecraft:leave_game":22,"minecraft:time_since_death":2017,"minecraft:total_world_time":57024,"minecraft:fall_one_cm":15545},"minecraft:dropped":{"minecraft:chest":1,"minecraft:cobblestone":4},"minecraft:used":{"minecraft:stone_sword":5,"minecraft:stone_pickaxe":118,"minecraft:spruce_button":1,"minecraft:spruce_planks":1,"minecraft:wooden_pickaxe":21,"minecraft:gravel":1,"minecraft:rotten_flesh":6,"minecraft:stone_axe":36,"minecraft:torch":3,"minecraft:wooden_sword":9,"minecraft:cobblestone":51,"minecraft:crafting_table":6,"minecraft:snowball":6,"minecraft:spruce_log":2},"minecraft:picked_up":{"minecraft:crafting_table":7,"minecraft:pumpkin":14,"minecraft:torch":18,"minecraft:wooden_pickaxe":1,"minecraft:gravel":1,"minecraft:spruce_log":30,"minecraft:dirt":2,"minecraft:stone_sword":1,"minecraft:bone":2,"minecraft:rotten_flesh":6,"minecraft:stone_axe":1,"minecraft:spruce_planks":27,"minecraft:stone_pickaxe":1,"minecraft:chest":1,"minecraft:sugar_cane":2,"minecraft:coal":51,"minecraft:snowball":6,"minecraft:cobblestone":103},"minecraft:killed":{"minecraft:zombie":2,"minecraft:spider":1},"minecraft:crafted":{"minecraft:wooden_sword":1,"minecraft:crafting_table":2,"minecraft:spruce_planks":64,"minecraft:stick":24,"minecraft:spruce_button":1,"minecraft:wooden_pickaxe":2,"minecraft:stone_pickaxe":2,"minecraft:stone_sword":2,"minecraft:torch":36,"minecraft:stone_axe":2}},"DataVersion":3953}