{"stats":{"minecraft:used":{"minecraft:stone_sword":5,"minecraft:stone_pickaxe":43,"minecraft:spruce_planks":1,"minecraft:wooden_pickaxe":13,"minecraft:rotten_flesh":6,"minecraft:stone_axe":33,"minecraft:torch":1,"minecraft:wooden_sword":9,"minecraft:cobblestone":20,"minecraft:crafting_table":5,"minecraft:snowball":6,"minecraft:spruce_log":2},"minecraft:killed":{"minecraft:zombie":2,"minecraft:spider":1},"minecraft:killed_by":{"minecraft:spider":1,"minecraft:zombie":1},"minecraft:picked_up":{"minecraft:crafting_table":4,"minecraft:pumpkin":14,"minecraft:spruce_log":28,"minecraft:dirt":2,"minecraft:rotten_flesh":6,"minecraft:spruce_planks":1,"minecraft:sugar_cane":2,"minecraft:coal":21,"minecraft:snowball":6,"minecraft:cobblestone":33},"minecraft:crafted":{"minecraft:wooden_sword":1,"minecraft:crafting_table":2,"minecraft:spruce_planks":56,"minecraft:stick":12,"minecraft:spruce_button":1,"minecraft:wooden_pickaxe":1,"minecraft:stone_pickaxe":1,"minecraft:stone_sword":1,"minecraft:torch":16,"minecraft:stone_axe":1},"minecraft:custom":{"minecraft:time_since_rest":2859,"minecraft:sprint_one_cm":52285,"minecraft:damage_taken":1116,"minecraft:walk_one_cm":50015,"minecraft:mob_kills":4,"minecraft:damage_dealt":858,"minecraft:swim_one_cm":918,"minecraft:interact_with_crafting_table":10,"minecraft:fly_one_cm":44338,"minecraft:crouch_one_cm":4702,"minecraft:play_time":29134,"minecraft:deaths":4,"minecraft:sneak_time":3682,"minecraft:walk_under_water_one_cm":367,"minecraft:jump":321,"minecraft:walk_on_water_one_cm":947,"minecraft:leave_game":8,"minecraft:time_since_death":2151,"minecraft:total_world_time":29134,"minecraft:fall_one_cm":11528},"minecraft:mined":{"minecraft:spruce_planks":1,"minecraft:spruce_log":29,"minecraft:pumpkin":14,"minecraft:crafting_table":4,"minecraft:coal_ore":21,"minecraft:dirt":2,"minecraft:cobblestone":2,"minecraft:spruce_leaves":22,"minecraft:stone":31}},"DataVersion":3953}