{"stats":{"minecraft:custom":{"minecraft:jump":56,"minecraft:time_since_rest":6420,"minecraft:damage_taken":51,"minecraft:leave_game":3,"minecraft:damage_dealt":67,"minecraft:crouch_one_cm":809,"minecraft:sprint_one_cm":5921,"minecraft:play_time":6420,"minecraft:time_since_death":6420,"minecraft:walk_one_cm":8326,"minecraft:sneak_time":697,"minecraft:total_world_time":6420,"minecraft:fly_one_cm":5635,"minecraft:fall_one_cm":476},"minecraft:crafted":{"minecraft:spruce_planks":4},"minecraft:mined":{"minecraft:spruce_leaves":14,"minecraft:spruce_log":4},"minecraft:used":{"minecraft:spruce_planks":1,"minecraft:snowball":6,"minecraft:spruce_log":2},"minecraft:picked_up":{"minecraft:spruce_log":4,"minecraft:snowball":6}},"DataVersion":3953}