{"stats":{"minecraft:killed_by":{"minecraft:spider":1,"minecraft:zombie":1},"minecraft:mined":{"minecraft:spruce_planks":1,"minecraft:spruce_log":30,"minecraft:pumpkin":14,"minecraft:crafting_table":6,"minecraft:coal_ore":36,"minecraft:gravel":1,"minecraft:dirt":2,"minecraft:cobblestone":5,"minecraft:spruce_leaves":23,"minecraft:stone":72},"minecraft:custom":{"minecraft:time_since_rest":20853,"minecraft:sprint_one_cm":57132,"minecraft:damage_taken":1271,"minecraft:walk_one_cm":72770,"minecraft:mob_kills":4,"minecraft:drop":1,"minecraft:damage_dealt":993,"minecraft:swim_one_cm":918,"minecraft:interact_with_crafting_table":16,"minecraft:fly_one_cm":49121,"minecraft:crouch_one_cm":7985,"minecraft:play_time":47128,"minecraft:deaths":4,"minecraft:sneak_time":5745,"minecraft:walk_under_water_one_cm":367,"minecraft:jump":431,"minecraft:walk_on_water_one_cm":947,"minecraft:leave_game":20,"minecraft:time_since_death":20145,"minecraft:total_world_time":47128,"minecraft:fall_one_cm":13455},"minecraft:dropped":{"minecraft:cobblestone":4},"minecraft:used":{"minecraft:stone_sword":5,"minecraft:stone_pickaxe":97,"minecraft:spruce_button":1,"minecraft:spruce_planks":1,"minecraft:wooden_pickaxe":21,"minecraft:gravel":1,"minecraft:rotten_flesh":6,"minecraft:stone_axe":36,"minecraft:torch":1,"minecraft:wooden_sword":9,"minecraft:cobblestone":51,"minecraft:crafting_table":6,"minecraft:snowball":6,"minecraft:spruce_log":2},"minecraft:picked_up":{"minecraft:crafting_table":6,"minecraft:pumpkin":14,"minecraft:gravel":1,"minecraft:spruce_log":30,"minecraft:dirt":2,"minecraft:bone":1,"minecraft:rotten_flesh":6,"minecraft:spruce_planks":1,"minecraft:sugar_cane":2,"minecraft:coal":36,"minecraft:snowball":6,"minecraft:cobblestone":76},"minecraft:killed":{"minecraft:zombie":2,"minecraft:spider":1},"minecraft:crafted":{"minecraft:wooden_sword":1,"minecraft:crafting_table":2,"minecraft:spruce_planks":64,"minecraft:stick":24,"minecraft:spruce_button":1,"minecraft:wooden_pickaxe":2,"minecraft:stone_pickaxe":2,"minecraft:stone_sword":2,"minecraft:torch":16,"minecraft:stone_axe":2}},"DataVersion":3953}