{"stats":{"minecraft:killed_by":{"minecraft:player":1,"minecraft:spider":1,"minecraft:zombie":4},"minecraft:mined":{"minecraft:spruce_planks":2,"minecraft:crafting_table":7,"minecraft:cobblestone":12,"minecraft:spruce_leaves":23,"minecraft:wall_torch":1,"minecraft:furnace":1,"minecraft:iron_ore":20,"minecraft:spruce_log":30,"minecraft:andesite":1,"minecraft:pumpkin":14,"minecraft:coal_ore":44,"minecraft:gravel":1,"minecraft:dirt":2,"minecraft:stone":102},"minecraft:custom":{"minecraft:interact_with_furnace":7,"minecraft:mob_kills":9,"minecraft:interact_with_crafting_table":20,"minecraft:leave_game":27,"minecraft:time_since_death":2487,"minecraft:time_since_rest":2536,"minecraft:sprint_one_cm":83708,"minecraft:damage_taken":2467,"minecraft:walk_one_cm":124185,"minecraft:damage_blocked_by_shield":250,"minecraft:drop":2,"minecraft:damage_dealt":1707,"minecraft:fly_one_cm":77159,"minecraft:swim_one_cm":918,"minecraft:crouch_one_cm":14268,"minecraft:play_time":75872,"minecraft:deaths":9,"minecraft:sneak_time":11883,"minecraft:walk_under_water_one_cm":367,"minecraft:jump":681,"minecraft:walk_on_water_one_cm":947,"minecraft:total_world_time":75872,"minecraft:fall_one_cm":26348},"minecraft:dropped":{"minecraft:cobblestone":4,"minecraft:chest":1},"minecraft:used":{"minecraft:stone_sword":5,"minecraft:stone_pickaxe":145,"minecraft:wooden_pickaxe":21,"minecraft:spruce_planks":4,"minecraft:shield":10,"minecraft:rotten_flesh":6,"minecraft:torch":11,"minecraft:crafting_table":7,"minecraft:snowball":6,"minecraft:spruce_log":2,"minecraft:iron_axe":10,"minecraft:spruce_button":1,"minecraft:iron_pickaxe":20,"minecraft:gravel":1,"minecraft:stone_axe":39,"minecraft:wooden_sword":9,"minecraft:cobblestone":69,"minecraft:furnace":1},"minecraft:picked_up":{"minecraft:crafting_table":8,"minecraft:andesite":4,"minecraft:wooden_pickaxe":3,"minecraft:shield":3,"minecraft:dirt":2,"minecraft:iron_axe":3,"minecraft:bone":5,"minecraft:spruce_planks":80,"minecraft:iron_ingot":6,"minecraft:stone_pickaxe":1,"minecraft:iron_pickaxe":2,"minecraft:chest":1,"minecraft:sugar_cane":2,"minecraft:furnace":4,"minecraft:raw_iron":31,"minecraft:pumpkin":14,"minecraft:torch":54,"minecraft:gravel":1,"minecraft:spruce_log":30,"minecraft:stone_sword":4,"minecraft:rotten_flesh":14,"minecraft:stone_axe":4,"minecraft:coal":118,"minecraft:snowball":6,"minecraft:cobblestone":157},"minecraft:killed":{"minecraft:zombie_villager":1,"minecraft:spider":1,"minecraft:zombie":6},"minecraft:crafted":{"minecraft:wooden_sword":1,"minecraft:crafting_table":2,"minecraft:spruce_planks":64,"minecraft:spruce_button":1,"minecraft:wooden_pickaxe":2,"minecraft:furnace":1,"minecraft:stone_axe":2,"minecraft:shield":1,"minecraft:iron_axe":1,"minecraft:stick":28,"minecraft:iron_ingot":10,"minecraft:iron_pickaxe":1,"minecraft:stone_pickaxe":2,"minecraft:stone_sword":2,"minecraft:torch":36}},"DataVersion":3953}