{"stats":{"minecraft:mined":{"minecraft:spruce_planks":1,"minecraft:spruce_log":29,"minecraft:pumpkin":14,"minecraft:crafting_table":6,"minecraft:coal_ore":21,"minecraft:dirt":2,"minecraft:cobblestone":2,"minecraft:spruce_leaves":23,"minecraft:stone":66},"minecraft:picked_up":{"minecraft:crafting_table":6,"minecraft:pumpkin":14,"minecraft:spruce_log":29,"minecraft:dirt":2,"minecraft:rotten_flesh":6,"minecraft:spruce_planks":1,"minecraft:sugar_cane":2,"minecraft:coal":21,"minecraft:snowball":6,"minecraft:cobblestone":67},"minecraft:killed_by":{"minecraft:spider":1,"minecraft:zombie":1},"minecraft:killed":{"minecraft:zombie":2,"minecraft:spider":1},"minecraft:crafted":{"minecraft:wooden_sword":1,"minecraft:crafting_table":2,"minecraft:spruce_planks":60,"minecraft:stick":24,"minecraft:spruce_button":1,"minecraft:wooden_pickaxe":2,"minecraft:stone_pickaxe":2,"minecraft:stone_sword":2,"minecraft:torch":16,"minecraft:stone_axe":2},"minecraft:used":{"minecraft:stone_sword":5,"minecraft:stone_pickaxe":72,"minecraft:spruce_button":1,"minecraft:spruce_planks":1,"minecraft:wooden_pickaxe":21,"minecraft:rotten_flesh":6,"minecraft:stone_axe":34,"minecraft:torch":1,"minecraft:wooden_sword":9,"minecraft:cobblestone":29,"minecraft:crafting_table":6,"minecraft:snowball":6,"minecraft:spruce_log":2},"minecraft:custom":{"minecraft:time_since_rest":13900,"minecraft:sprint_one_cm":53716,"minecraft:damage_taken":1116,"minecraft:walk_one_cm":59044,"minecraft:mob_kills":4,"minecraft:damage_dealt":858,"minecraft:swim_one_cm":918,"minecraft:interact_with_crafting_table":16,"minecraft:fly_one_cm":44612,"minecraft:crouch_one_cm":6228,"minecraft:play_time":40175,"minecraft:deaths":4,"minecraft:sneak_time":4649,"minecraft:walk_under_water_one_cm":367,"minecraft:jump":333,"minecraft:walk_on_water_one_cm":947,"minecraft:leave_game":16,"minecraft:time_since_death":13192,"minecraft:total_world_time":40175,"minecraft:fall_one_cm":12006}},"DataVersion":3953}