{"stats":{"minecraft:killed_by":{"minecraft:player":1,"minecraft:spider":1,"minecraft:zombie":2},"minecraft:mined":{"minecraft:spruce_planks":1,"minecraft:furnace":1,"minecraft:iron_ore":10,"minecraft:spruce_log":30,"minecraft:andesite":1,"minecraft:pumpkin":14,"minecraft:crafting_table":7,"minecraft:coal_ore":44,"minecraft:gravel":1,"minecraft:dirt":2,"minecraft:cobblestone":7,"minecraft:spruce_leaves":23,"minecraft:stone":98,"minecraft:wall_torch":1},"minecraft:custom":{"minecraft:time_since_rest":82,"minecraft:interact_with_furnace":7,"minecraft:sprint_one_cm":66988,"minecraft:damage_taken":1552,"minecraft:walk_one_cm":100488,"minecraft:mob_kills":5,"minecraft:drop":2,"minecraft:damage_dealt":1083,"minecraft:swim_one_cm":918,"minecraft:interact_with_crafting_table":20,"minecraft:fly_one_cm":61921,"minecraft:crouch_one_cm":11590,"minecraft:play_time":66217,"minecraft:deaths":6,"minecraft:sneak_time":10722,"minecraft:walk_under_water_one_cm":367,"minecraft:jump":563,"minecraft:leave_game":25,"minecraft:walk_on_water_one_cm":947,"minecraft:time_since_death":0,"minecraft:total_world_time":66217,"minecraft:fall_one_cm":16838},"minecraft:dropped":{"minecraft:chest":1,"minecraft:cobblestone":4},"minecraft:used":{"minecraft:stone_sword":5,"minecraft:iron_axe":5,"minecraft:stone_pickaxe":145,"minecraft:spruce_button":1,"minecraft:iron_pickaxe":1,"minecraft:spruce_planks":1,"minecraft:wooden_pickaxe":21,"minecraft:gravel":1,"minecraft:rotten_flesh":6,"minecraft:stone_axe":37,"minecraft:torch":7,"minecraft:wooden_sword":9,"minecraft:cobblestone":63,"minecraft:crafting_table":7,"minecraft:furnace":1,"minecraft:snowball":6,"minecraft:spruce_log":2},"minecraft:picked_up":{"minecraft:crafting_table":8,"minecraft:raw_iron":10,"minecraft:pumpkin":14,"minecraft:andesite":1,"minecraft:torch":18,"minecraft:wooden_pickaxe":1,"minecraft:gravel":1,"minecraft:spruce_log":30,"minecraft:dirt":2,"minecraft:stone_sword":1,"minecraft:bone":2,"minecraft:rotten_flesh":6,"minecraft:stone_axe":1,"minecraft:spruce_planks":27,"minecraft:stone_pickaxe":1,"minecraft:sugar_cane":2,"minecraft:chest":1,"minecraft:coal":70,"minecraft:snowball":6,"minecraft:cobblestone":115,"minecraft:furnace":1},"minecraft:killed":{"minecraft:zombie":3,"minecraft:spider":1},"minecraft:crafted":{"minecraft:wooden_sword":1,"minecraft:shield":1,"minecraft:iron_pickaxe":1,"minecraft:iron_axe":1,"minecraft:crafting_table":2,"minecraft:iron_ingot":10,"minecraft:spruce_planks":64,"minecraft:stick":28,"minecraft:spruce_button":1,"minecraft:wooden_pickaxe":2,"minecraft:stone_pickaxe":2,"minecraft:stone_sword":2,"minecraft:furnace":1,"minecraft:torch":36,"minecraft:stone_axe":2}},"DataVersion":3953}