{"stats":{"minecraft:mined":{"minecraft:spruce_log":6,"minecraft:spruce_leaves":4},"minecraft:picked_up":{"minecraft:stick":2,"minecraft:spruce_log":5},"minecraft:crafted":{"minecraft:chest":1,"minecraft:crafting_table":1,"minecraft:spruce_planks":20},"minecraft:used":{"minecraft:chest":1,"minecraft:crafting_table":1},"minecraft:custom":{"minecraft:jump":73,"minecraft:time_since_rest":5558,"minecraft:crouch_one_cm":123,"minecraft:sprint_one_cm":15948,"minecraft:play_time":5558,"minecraft:damage_taken":10,"minecraft:time_since_death":5558,"minecraft:walk_one_cm":7045,"minecraft:sneak_time":175,"minecraft:total_world_time":5558,"minecraft:interact_with_crafting_table":1,"minecraft:fall_one_cm":1380,"minecraft:fly_one_cm":14467,"minecraft:leave_game":1,"minecraft:open_chest":1}},"DataVersion":3953}