{"stats":{"minecraft:dropped":{"minecraft:stone_axe":4,"minecraft:stone_sword":1,"minecraft:torch":19,"minecraft:spruce_planks":49,"minecraft:crafting_table":3,"minecraft:chest":1,"minecraft:cobblestone":20,"minecraft:stone_pickaxe":2,"minecraft:wooden_pickaxe":2,"minecraft:coal":10,"minecraft:bone":1,"minecraft:stick":1},"minecraft:mined":{"minecraft:spruce_planks":1,"minecraft:iron_ore":3,"minecraft:spruce_log":13,"minecraft:torch":2,"minecraft:crafting_table":3,"minecraft:coal_ore":1,"minecraft:grass_block":1,"minecraft:chest":2,"minecraft:dirt":1,"minecraft:cobblestone":1,"minecraft:spruce_leaves":5,"minecraft:stone":27,"minecraft:deepslate":1,"minecraft:wall_torch":2},"minecraft:picked_up":{"minecraft:raw_iron":3,"minecraft:stick":5,"minecraft:crafting_table":6,"minecraft:torch":25,"minecraft:wooden_pickaxe":3,"minecraft:spruce_log":12,"minecraft:dirt":2,"minecraft:stone_sword":1,"minecraft:bone":1,"minecraft:rotten_flesh":2,"minecraft:stone_axe":5,"minecraft:cobbled_deepslate":1,"minecraft:spruce_planks":61,"minecraft:stone_pickaxe":3,"minecraft:chest":3,"minecraft:coal":11,"minecraft:cobblestone":52},"minecraft:killed_by":{"minecraft:player":1},"minecraft:crafted":{"minecraft:crafting_table":1,"minecraft:spruce_planks":48,"minecraft:stick":4,"minecraft:wooden_pickaxe":1,"minecraft:stone_pickaxe":1,"minecraft:chest":1,"minecraft:stone_axe":1},"minecraft:killed":{"minecraft:zombie":3},"minecraft:used":{"minecraft:stone_pickaxe":26,"minecraft:spruce_planks":5,"minecraft:chest":3,"minecraft:wooden_pickaxe":9,"minecraft:rotten_flesh":2,"minecraft:stone_axe":23,"minecraft:torch":4,"minecraft:dirt":2,"minecraft:cobblestone":2,"minecraft:crafting_table":3},"minecraft:custom":{"minecraft:time_since_rest":2178,"minecraft:sprint_one_cm":78919,"minecraft:damage_taken":1289,"minecraft:walk_one_cm":94823,"minecraft:mob_kills":3,"minecraft:drop":49,"minecraft:damage_dealt":569,"minecraft:swim_one_cm":963,"minecraft:interact_with_crafting_table":5,"minecraft:fly_one_cm":73007,"minecraft:player_kills":1,"minecraft:open_chest":9,"minecraft:crouch_one_cm":2187,"minecraft:play_time":69174,"minecraft:deaths":4,"minecraft:sneak_time":2157,"minecraft:walk_under_water_one_cm":4807,"minecraft:jump":634,"minecraft:walk_on_water_one_cm":8353,"minecraft:leave_game":2,"minecraft:time_since_death":2148,"minecraft:total_world_time":69174,"minecraft:fall_one_cm":23389}},"DataVersion":3953}