{"stats":{"minecraft:mined":{"minecraft:spruce_log":6,"minecraft:crafting_table":1,"minecraft:chest":1,"minecraft:spruce_leaves":4},"minecraft:custom":{"minecraft:time_since_rest":9695,"minecraft:sprint_one_cm":26454,"minecraft:walk_one_cm":28333,"minecraft:damage_taken":465,"minecraft:mob_kills":1,"minecraft:drop":14,"minecraft:damage_dealt":319,"minecraft:interact_with_crafting_table":3,"minecraft:fly_one_cm":23670,"minecraft:player_kills":1,"minecraft:open_chest":2,"minecraft:crouch_one_cm":1157,"minecraft:play_time":27316,"minecraft:deaths":1,"minecraft:sneak_time":1300,"minecraft:jump":152,"minecraft:leave_game":1,"minecraft:time_since_death":9667,"minecraft:total_world_time":27316,"minecraft:fall_one_cm":6143},"minecraft:dropped":{"minecraft:stone_axe":3,"minecraft:stone_sword":1,"minecraft:torch":18,"minecraft:spruce_planks":26,"minecraft:crafting_table":2,"minecraft:chest":1,"minecraft:cobblestone":14,"minecraft:stone_pickaxe":1,"minecraft:wooden_pickaxe":1,"minecraft:coal":10,"minecraft:bone":1},"minecraft:used":{"minecraft:chest":1,"minecraft:stone_axe":6,"minecraft:crafting_table":1},"minecraft:picked_up":{"minecraft:stick":2,"minecraft:crafting_table":3,"minecraft:torch":19,"minecraft:wooden_pickaxe":1,"minecraft:spruce_log":5,"minecraft:stone_sword":1,"minecraft:bone":1,"minecraft:stone_axe":3,"minecraft:spruce_planks":18,"minecraft:stone_pickaxe":1,"minecraft:chest":2,"minecraft:coal":10,"minecraft:cobblestone":17},"minecraft:crafted":{"minecraft:crafting_table":1,"minecraft:spruce_planks":20,"minecraft:chest":1,"minecraft:stone_axe":1},"minecraft:killed":{"minecraft:zombie":1}},"DataVersion":3953}