{"stats":{"minecraft:dropped":{"minecraft:stone_axe":4,"minecraft:stone_sword":1,"minecraft:crafting_table":3,"minecraft:cobblestone":20,"minecraft:coal":10,"minecraft:stick":1,"minecraft:torch":19,"minecraft:spruce_planks":49,"minecraft:chest":1,"minecraft:wooden_pickaxe":2,"minecraft:stone_pickaxe":2,"minecraft:bone":1},"minecraft:mined":{"minecraft:spruce_planks":1,"minecraft:crafting_table":4,"minecraft:torch":2,"minecraft:short_grass":1,"minecraft:grass_block":3,"minecraft:chest":2,"minecraft:cobblestone":1,"minecraft:spruce_leaves":13,"minecraft:wall_torch":2,"minecraft:iron_ore":3,"minecraft:spruce_log":17,"minecraft:coal_ore":1,"minecraft:oak_log":6,"minecraft:dirt":2,"minecraft:stone":27,"minecraft:oak_leaves":1,"minecraft:deepslate":1},"minecraft:picked_up":{"minecraft:crafting_table":7,"minecraft:wooden_pickaxe":3,"minecraft:oak_log":6,"minecraft:dirt":5,"minecraft:bone":1,"minecraft:cobbled_deepslate":1,"minecraft:spruce_planks":61,"minecraft:stone_pickaxe":3,"minecraft:chest":3,"minecraft:stick":7,"minecraft:raw_iron":3,"minecraft:torch":25,"minecraft:spruce_sapling":1,"minecraft:spruce_log":16,"minecraft:stone_sword":1,"minecraft:rotten_flesh":2,"minecraft:stone_axe":5,"minecraft:spruce_boat":2,"minecraft:mutton":3,"minecraft:coal":11,"minecraft:white_wool":3,"minecraft:cobblestone":52},"minecraft:killed_by":{"minecraft:player":2},"minecraft:killed":{"minecraft:sheep":3,"minecraft:zombie":3},"minecraft:crafted":{"minecraft:oak_planks":20,"minecraft:crafting_table":3,"minecraft:spruce_planks":64,"minecraft:wooden_pickaxe":1,"minecraft:stone_axe":1,"minecraft:stick":4,"minecraft:stone_pickaxe":1,"minecraft:wooden_axe":1,"minecraft:chest":1,"minecraft:spruce_boat":2},"minecraft:used":{"minecraft:stone_pickaxe":26,"minecraft:chest":3,"minecraft:spruce_planks":5,"minecraft:wooden_pickaxe":9,"minecraft:rotten_flesh":2,"minecraft:torch":4,"minecraft:dirt":5,"minecraft:mutton":3,"minecraft:crafting_table":5,"minecraft:spruce_boat":3,"minecraft:wooden_axe":8,"minecraft:stone_axe":26,"minecraft:cobblestone":5},"minecraft:custom":{"minecraft:mob_kills":6,"minecraft:interact_with_crafting_table":7,"minecraft:leave_game":3,"minecraft:time_since_death":15314,"minecraft:time_since_rest":15340,"minecraft:sprint_one_cm":109623,"minecraft:damage_taken":1494,"minecraft:walk_one_cm":147261,"minecraft:drop":49,"minecraft:damage_dealt":891,"minecraft:swim_one_cm":963,"minecraft:fly_one_cm":120880,"minecraft:player_kills":1,"minecraft:open_chest":9,"minecraft:crouch_one_cm":3044,"minecraft:play_time":85844,"minecraft:deaths":5,"minecraft:sneak_time":2724,"minecraft:walk_under_water_one_cm":6351,"minecraft:boat_one_cm":33210,"minecraft:jump":966,"minecraft:walk_on_water_one_cm":10164,"minecraft:total_world_time":85844,"minecraft:fall_one_cm":32843,"minecraft:horse_one_cm":998}},"DataVersion":3953}