{"stats":{"minecraft:dropped":{"minecraft:stone_axe":4,"minecraft:stone_sword":1,"minecraft:torch":19,"minecraft:spruce_planks":49,"minecraft:crafting_table":3,"minecraft:chest":1,"minecraft:cobblestone":20,"minecraft:stone_pickaxe":2,"minecraft:wooden_pickaxe":2,"minecraft:coal":10,"minecraft:bone":1,"minecraft:stick":1},"minecraft:mined":{"minecraft:spruce_log":13,"minecraft:torch":1,"minecraft:crafting_table":3,"minecraft:grass_block":1,"minecraft:chest":1,"minecraft:spruce_leaves":5,"minecraft:stone":9},"minecraft:picked_up":{"minecraft:stick":4,"minecraft:crafting_table":6,"minecraft:torch":21,"minecraft:wooden_pickaxe":2,"minecraft:spruce_log":12,"minecraft:dirt":1,"minecraft:stone_sword":1,"minecraft:bone":1,"minecraft:rotten_flesh":1,"minecraft:stone_axe":4,"minecraft:spruce_planks":41,"minecraft:stone_pickaxe":2,"minecraft:chest":2,"minecraft:coal":10,"minecraft:cobblestone":32},"minecraft:crafted":{"minecraft:crafting_table":1,"minecraft:spruce_planks":48,"minecraft:stick":4,"minecraft:wooden_pickaxe":1,"minecraft:stone_pickaxe":1,"minecraft:chest":1,"minecraft:stone_axe":1},"minecraft:killed":{"minecraft:zombie":2},"minecraft:used":{"minecraft:spruce_planks":5,"minecraft:chest":2,"minecraft:wooden_pickaxe":9,"minecraft:rotten_flesh":1,"minecraft:stone_axe":19,"minecraft:torch":1,"minecraft:dirt":1,"minecraft:crafting_table":3},"minecraft:custom":{"minecraft:time_since_rest":5688,"minecraft:sprint_one_cm":50848,"minecraft:damage_taken":675,"minecraft:walk_one_cm":52153,"minecraft:mob_kills":2,"minecraft:drop":49,"minecraft:damage_dealt":359,"minecraft:interact_with_crafting_table":5,"minecraft:fly_one_cm":50043,"minecraft:player_kills":1,"minecraft:open_chest":4,"minecraft:crouch_one_cm":1157,"minecraft:play_time":45174,"minecraft:deaths":2,"minecraft:sneak_time":1396,"minecraft:jump":344,"minecraft:leave_game":2,"minecraft:time_since_death":5660,"minecraft:total_world_time":45174,"minecraft:fall_one_cm":14057}},"DataVersion":3953}