{"stats":{"minecraft:dropped":{"minecraft:stone_axe":4,"minecraft:stone_sword":1,"minecraft:torch":19,"minecraft:spruce_planks":49,"minecraft:crafting_table":3,"minecraft:chest":1,"minecraft:cobblestone":20,"minecraft:stone_pickaxe":2,"minecraft:wooden_pickaxe":2,"minecraft:coal":10,"minecraft:bone":1,"minecraft:stick":1},"minecraft:mined":{"minecraft:spruce_planks":1,"minecraft:iron_ore":3,"minecraft:spruce_log":13,"minecraft:torch":1,"minecraft:crafting_table":3,"minecraft:coal_ore":1,"minecraft:grass_block":1,"minecraft:chest":1,"minecraft:spruce_leaves":5,"minecraft:stone":24,"minecraft:wall_torch":1},"minecraft:picked_up":{"minecraft:raw_iron":3,"minecraft:stick":5,"minecraft:crafting_table":6,"minecraft:torch":23,"minecraft:wooden_pickaxe":3,"minecraft:spruce_log":12,"minecraft:dirt":1,"minecraft:stone_sword":1,"minecraft:bone":1,"minecraft:rotten_flesh":1,"minecraft:stone_axe":5,"minecraft:spruce_planks":61,"minecraft:stone_pickaxe":3,"minecraft:chest":2,"minecraft:coal":11,"minecraft:cobblestone":48},"minecraft:killed_by":{"minecraft:player":1},"minecraft:crafted":{"minecraft:crafting_table":1,"minecraft:spruce_planks":48,"minecraft:stick":4,"minecraft:wooden_pickaxe":1,"minecraft:stone_pickaxe":1,"minecraft:chest":1,"minecraft:stone_axe":1},"minecraft:killed":{"minecraft:zombie":2},"minecraft:used":{"minecraft:stone_pickaxe":20,"minecraft:spruce_planks":5,"minecraft:chest":2,"minecraft:wooden_pickaxe":9,"minecraft:rotten_flesh":1,"minecraft:stone_axe":20,"minecraft:torch":2,"minecraft:dirt":1,"minecraft:cobblestone":1,"minecraft:crafting_table":3},"minecraft:custom":{"minecraft:time_since_rest":7240,"minecraft:sprint_one_cm":57717,"minecraft:damage_taken":914,"minecraft:walk_one_cm":71591,"minecraft:mob_kills":2,"minecraft:drop":49,"minecraft:damage_dealt":409,"minecraft:interact_with_crafting_table":5,"minecraft:fly_one_cm":55465,"minecraft:player_kills":1,"minecraft:open_chest":4,"minecraft:crouch_one_cm":2056,"minecraft:play_time":57174,"minecraft:deaths":3,"minecraft:sneak_time":2050,"minecraft:walk_under_water_one_cm":4032,"minecraft:jump":440,"minecraft:walk_on_water_one_cm":651,"minecraft:leave_game":2,"minecraft:time_since_death":7210,"minecraft:total_world_time":57174,"minecraft:fall_one_cm":17493}},"DataVersion":3953}