{"stats":{"minecraft:mined":{"minecraft:chest":1,"minecraft:spruce_log":6,"minecraft:spruce_leaves":4,"minecraft:crafting_table":1},"minecraft:custom":{"minecraft:time_since_rest":15316,"minecraft:open_chest":2,"minecraft:crouch_one_cm":421,"minecraft:play_time":15316,"minecraft:sprint_one_cm":23464,"minecraft:damage_taken":175,"minecraft:walk_one_cm":17770,"minecraft:sneak_time":863,"minecraft:jump":98,"minecraft:damage_dealt":163,"minecraft:leave_game":1,"minecraft:time_since_death":15316,"minecraft:total_world_time":15316,"minecraft:interact_with_crafting_table":3,"minecraft:fall_one_cm":2617,"minecraft:fly_one_cm":18809},"minecraft:used":{"minecraft:stone_axe":2,"minecraft:crafting_table":1,"minecraft:chest":1},"minecraft:picked_up":{"minecraft:crafting_table":1,"minecraft:stick":2,"minecraft:spruce_log":5,"minecraft:chest":1,"minecraft:cobblestone":4},"minecraft:crafted":{"minecraft:chest":1,"minecraft:stone_axe":1,"minecraft:crafting_table":1,"minecraft:spruce_planks":20}},"DataVersion":3953}